topic_id,topic_name,ext_count,int_count,ext_share,int_share,coverage_ratio,coverage_level,gap,rank
7,Intel and AMD Processor Developments,1141,26,0.05060540204905309,0.005699254712845244,0.11262146889616276,Low,0.04490614733620785,1
6,Oracle Corp. Takeover Bid,882,1,0.039118286246507296,0.00021920210434020167,0.005603571254601505,Low,0.03889908414216709,2
22,Oracle Enterprise Software Innovations,796,7,0.035304031578480506,0.0015344147303814116,0.04346287553506242,Low,0.03376961684809909,3
26,Microsoft Windows Server Release 2006,1031,64,0.04572670421785603,0.014028934677772907,0.30679960250217825,Low,0.031697769540083125,4
12,Windows XP Security Updates,671,6,0.029760056770302037,0.00131521262604121,0.04419388834478564,Low,0.028444844144260826,5
1,Stock Market Movements,1564,189,0.06936621279992904,0.041429197720298114,0.5972532742963949,Medium,0.027937015079630922,6
23,IBM PC Business Sale,704,26,0.031223666119661153,0.005699254712845244,0.1825299659240365,Low,0.02552441140681591,7
19,Linux and Open Source Developments,603,6,0.026744134474652948,0.00131521262604121,0.04917761041351768,Low,0.025428921848611737,8
18,HP Server Innovations,598,16,0.02652237548232581,0.0035072336694432268,0.1322367851922014,Low,0.023015141812882584,9
16,Sun Microsystems and Solaris 10,438,5,0.019426087727857366,0.0010960105217010083,0.056419518796330205,Low,0.01833007720615636,10
25,IBM and Hitachi Storage Solutions,411,11,0.018228589169290814,0.0024112231477422183,0.132277003192564,Low,0.015817366021548596,11
15,Web Browser Developments,483,28,0.021421918658801616,0.006137658921525646,0.286513034583103,Low,0.01528425973727597,12
31,AOL Online Services and Security,352,10,0.015611833059830577,0.0021920210434020165,0.1404076660954127,Low,0.01341981201642856,13
20,Next-Generation DVD Formats,354,14,0.01570053665676143,0.003068829460762823,0.1954601634232186,Low,0.012631707195998609,14
9,Copyright and Piracy Lawsuits,700,87,0.03104625892579944,0.019070583077597545,0.614263480929417,Medium,0.011975675848201896,15
29,Sprint-Nextel Merger Deal,263,4,0.011664522996407503,0.0008768084173608067,0.07516881895906506,Low,0.010787714579046696,16
14,EU Antitrust Case Against Microsoft,363,25,0.016099702842950283,0.0054800526085050415,0.3403822208373641,Low,0.010619650234445242,17
21,IBM Blue Gene Speed Records,351,45,0.015567481261365148,0.009864094695309075,0.6336345957126317,Medium,0.005703386566056073,18
13,Microsoft Email Spam Solutions,657,108,0.029139131591786046,0.02367382726874178,0.8124410706671552,Medium,0.005465304323044266,19
30,Dell Laptop Power Adapter Recall,144,29,0.006386658979021599,0.006356861025865849,0.9953343440985923,Medium,2.9797953155750317e-05,20
2,Apple iTunes Music Store Updates,1263,274,0.05601632146183528,0.06006137658921526,1.072212080726078,Medium,-0.00404505512737998,21
4,Search Engine Developments,1138,250,0.050472346653656804,0.05480052608505041,1.0857534812299048,Medium,-0.00432817943139361,22
27,Microsoft Patent Lawsuit,725,175,0.032155053887435135,0.038360368259535295,1.1929809974451617,Medium,-0.00620531437210016,23
24,Smartphone Operating Systems,307,121,0.013616002128886326,0.0265234546251644,1.9479619916403315,High,-0.012907452496278076,24
17,Google IPO and Stock Debut,411,150,0.018228589169290814,0.03288031565103025,1.8037773162622361,High,-0.014651726481739437,25
0,Nokia Mobile Phone Innovations,2284,547,0.10129950769503704,0.11990355107409031,1.1836538380330623,Medium,-0.018604043379053276,26
10,Computer Associates Securities Fraud,663,265,0.029405242382578613,0.058088557650153444,1.9754490336923223,High,-0.02868331526757483,27
8,Media Center PC Innovations,554,253,0.024570896349846987,0.05545813239807102,2.2570659046557893,High,-0.030887236048224034,28
5,Handheld Video Game Consoles,800,305,0.035481438772342215,0.06685664182376151,1.8842708790004388,High,-0.0313752030514193,29
11,CEO Appointments in Tech,488,274,0.02164367765112875,0.06006137658921526,2.775007905649665,High,-0.03841769893808651,30
28,Ancient Fossil Discoveries,61,207,0.002705459706391094,0.045374835598421745,16.77158062684615,High,-0.04266937589203065,31
3,Cybersecurity Threats and Responses,1347,1034,0.05974187253293121,0.22665497588776853,3.793904781990733,High,-0.16691310335483733,32
