topic_id,topic_name,top_keywords,n_docs
0,Nokia Mobile Phone Innovations,"wireless, phone, mobile, nokia, phones, broadband, internet, mobile phone, wifi, service",3640
1,Stock Market Movements,"buy, shares, billion, percent, stocks, said, million, company, profit, corp",3208
2,Apple iTunes Music Store Updates,"apple, music, apple computer, store, player, digital, digital music, computer, mac, mp3",1861
3,Cybersecurity Threats and Responses,"security, virus, internet, computer, spyware, web, attacks, antivirus, hackers, online",2388
4,Search Engine Developments,"search, google, search engine, engine, yahoo, web, desktop, online, msn, new",1697
5,Handheld Video Game Consoles,"game, games, video, sony, handheld, console, video games, gaming, portable, grand",1122
6,Oracle Corp. Takeover Bid,"oracle, takeover, bid, oracle corp, offer, rival, software, billion, board, corp",958
7,Intel and AMD Processor Developments,"intel, amd, chip, processor, chips, processors, advanced, micro, intel corp, devices",1103
8,Media Center PC Innovations,"digital, tv, sony, electronics, media, camera, center, television, new, pc",1264
9,Copyright and Piracy Lawsuits,"music, industry, copyright, court, movie, piracy, lawsuits, file, studios, sharing",856
10,Computer Associates Securities Fraud,"securities, charges, pay, securities exchange, settle, exchange commission, million, exchange, bankruptcy, trial",1196
11,CEO Appointments in Tech,"chief, jobs, executive, ceo, gates, india, chief executive, president, tech, new",1228
12,Windows XP Security Updates,"xp, windows, windows xp, microsoft, pack, security, update, patch, flaw, service",659
13,Microsoft Email Spam Solutions,"spam, email, microsoft, id, internet, messages, emails, lawsuits, aol, gates",762
14,EU Antitrust Case Against Microsoft,"european, eu, antitrust, microsoft, european union, union, trade, novell, court, commission",532
15,Web Browser Developments,"browser, explorer, internet explorer, internet, 10, web, web browser, foundation, netscape, microsoft",532
16,Sun Microsystems and Solaris 10,"sun, microsystems, sun microsystems, java, 10, operating, open, red, hat, red hat",496
17,Google IPO and Stock Debut,"google, public, initial, offering, shares, stock, search, debut, auction, investors",480
18,HP Server Innovations,"hp, dell, hewlettpackard, servers, pc, intel, new, server, consumer, computer",621
19,Linux and Open Source Developments,"linux, novell, open source, source, opensource, open, desktop, operating, windows, software",628
20,Next-Generation DVD Formats,"dvd, toshiba, format, netflix, optical, nextgeneration, sony, studios, drive, formats",392
21,IBM Blue Gene Speed Records,"ibm, fastest, blue, nec, world, speed, record, computing, powerful, computer",489
22,Oracle Enterprise Software Innovations,"software, management, sap, enterprise, application, ibm, oracle, server, database, applications",952
23,IBM PC Business Sale,"ibm, business, pc, china, business machines, personal, international business, computer, personal computer, machines",677
24,Smartphone Operating Systems,"handheld, os, memory, mobile, smart, phone, operating, new, phones, device",346
25,IBM and Hitachi Storage Solutions,"storage, ibm, data, hitachi, memory, hard, disk, drive, new, drives",471
26,Microsoft Windows Server Release 2006,"microsoft, windows, server, version, software, release, microsoft corp, 2006, version windows, 2005",773
27,Microsoft Patent Lawsuit,"patent, court, lawsuit, microsoft, suit, filed, patents, sued, case, california",681
28,Ancient Fossil Discoveries,"scientists, st, discovered, china, remains, years, dig, google, million years, years ago",219
29,Sprint-Nextel Merger Deal,"sprint, communications, merger, wireless, deal, talks, 35 billion, billion, corp, 35",226
30,Dell Laptop Power Adapter Recall,"dell, power, laptop, notebook, safety, electrical, apple, consumer, product, laser",213
31,AOL Online Services and Security,"aol, america online, online, america, sbc, netscape, service, internet, security, instant",337
